"","Lower CI","Median","Upper CI"
"U statistic",545819.475,568624.5,588882.8
"p-value",0.00337817293735488,0.105556130840441,0.652065554358804
