"","Lower CI","Median","Upper CI"
"U statistic",568579.5,585319,603699.025
"p-value",7.99946831150079e-05,0.00710087295189273,0.106149090348673
