"","Lower CI","Median","Upper CI"
"U statistic",547339.15,568417,590448.575
"p-value",0.00239129056216578,0.108307770622164,0.610845383506519
