"","Lower CI","Median","Upper CI"
"U statistic",-2.82108179899462,-1.30644404623527,0.118252856783356
"p-value",0.452939526662186,0.904223612775783,0.997582849593142
