"","Lower CI","Median","Upper CI"
"U statistic",1.21357350837389,2.42939087126133,3.57756446010531
"p-value",0.000177372148932198,0.00760385123034415,0.112523800233944
