"","Lower CI","Median","Upper CI"
"U statistic",-2.77231723706132,-1.32799266841424,0.243538148519775
"p-value",0.403806818370499,0.907833431206997,0.99719147222456
